{
    "property": {
        "orientation": "vertical",
        "grouped": false,
        "gradient": false,
        "showLegend": true,
        "legendPosition": "right",
        "chartAlignment": "start",    
        "colorSchemeName": "forest",
        "colorScheme": {
            "domain": []
        },
        "colorSchemeName": "forest",
        "showXAxis": true,
        "showYAxis": true,
        "showXAxisLabel": true,
        "showYAxisLabel": true,
        "xAxisLabel": "",
        "yAxisLabel": ""
    },
    "style": {
        "barsContainerWidth": "100%",
        "barsContainerHeight": "200px"
    }
}