{
  "property": {
    "donut": false,
		"showLabels": true,
		"explodeSlices": false,
		"gradient": false,
    "showLegend": true,
    "legendPosition": "right",
    "chartAlignment": "start",    
    "colorSchemeName": "forest",
    "colorScheme": {
      "domain": []
    },
    "showXAxis": true,
    "showYAxis": true,
    "showXAxisLabel": true,
    "showYAxisLabel": true,
    "xAxisLabel": "",
    "yAxisLabel": "",
  },
  "style": {
    "barsContainerWidth": "100%",
    "barsContainerHeight": "200px"
  }
}
