{
    "property": {
        "label": "Rating label",
        "icon": "stars",
        "value": 1,
        "max": 5,
        "countFromEnd": false,
        "iconsVertical": false,
        "disabled": false
    },
    "style": {
        "container": {
            "class": "cf-rating-container"
        },
        "label": {
            "class": "cf-rating-label"
        },
        "item": {
            "class": "cf-rating-item-icon"
        },
        "iconSize": "30px",
        "filledColor": "lightseagreen",
        "emptyColor": "darkseagreen"
    }
}