{
    "property": {
        "header": {
            "label": "Step"
        },
        "isValid": true
    },
    "style": {
        "container": {
            "class": "",
            "dynamicClass": ""
        },
        "header": {
            "container": {
                "class": "",
                "dynamicClass": ""
            },
            "button": {
                "class": "",
                "dynamicClass": "",
                "themeColor": ""
            }
        },
        "iconIndex": {
            "class": "",
            "dynamicClass": ""
        },
        "prefixIndex": {
            "class": "",
            "dynamicClass": ""
        }
    }
}